{
  "loss": [
    0.1789858639240265,
    0.034667324274778366,
    0.02904491312801838,
    0.028475765138864517,
    0.02818199247121811,
    0.02805054560303688,
    0.027842998504638672,
    0.027667224407196045,
    0.027253445237874985,
    0.027204344049096107
  ],
  "val_loss": [
    0.06075010076165199,
    0.029126491397619247,
    0.02825797349214554,
    0.029066624119877815,
    0.028209351003170013,
    0.029858479276299477,
    0.02842358686029911,
    0.03081449680030346,
    0.026440786197781563,
    0.026446081697940826
  ],
  "root_mean_squared_error": [
    0.24104194343090057,
    0.168163001537323,
    0.16260932385921478,
    0.16205069422721863,
    0.16152842342853546,
    0.16145794093608856,
    0.1610395610332489,
    0.16070422530174255,
    0.15969808399677277,
    0.15965864062309265
  ],
  "val_root_mean_squared_error": [
    0.21734146773815155,
    0.1610724776983261,
    0.16119182109832764,
    0.1642862856388092,
    0.1619350016117096,
    0.1670425832271576,
    0.1629846841096878,
    0.1702396422624588,
    0.15726102888584137,
    0.15723223984241486
  ],
  "mean_absolute_error": [
    0.1585749238729477,
    0.10409092903137207,
    0.09548582881689072,
    0.09420337527990341,
    0.09334399551153183,
    0.0932176485657692,
    0.09272387623786926,
    0.09228773415088654,
    0.09086211025714874,
    0.09094847738742828
  ],
  "val_mean_absolute_error": [
    0.1788596510887146,
    0.09126383066177368,
    0.08795049041509628,
    0.10684085637331009,
    0.0855560153722763,
    0.08747324347496033,
    0.08663628995418549,
    0.08814442157745361,
    0.08815203607082367,
    0.08786983042955399
  ],
  "loss_change_rate": [
    0,
    0.8063125013632726,
    0.16218186042268276,
    0.019595444704733147,
    0.01031658556719373,
    0.004664214863994218,
    0.007399039624232429,
    0.006313044818550804,
    0.014955572096109475,
    0.001801650703252731
  ]
}